{"cameraMode":{"drawMode":0,"name":"Shaded","section":"Shading Mode"},"sceneLighting":false,"audioPlay":false,"sceneViewState":{"showFog":true,"showMaterialUpdate":true,"showSkybox":true,"showFlares":true,"showImageEffects":true,"showParticleSystems":true},"in2DMode":false,"pivot":{"x":695.3590087890625,"y":-306.333251953125,"z":159.19003295898438},"rotation":{"x":0.15887999534606934,"y":0.6075640916824341,"z":-0.12569135427474976,"w":0.76799076795578},"size":827.025634765625,"orthographic":false}