{"cameraMode":{"drawMode":0,"name":"Shaded","section":"Shading Mode"},"sceneLighting":false,"audioPlay":false,"sceneViewState":{"showFog":true,"showMaterialUpdate":true,"showSkybox":true,"showFlares":true,"showImageEffects":true,"showParticleSystems":true},"in2DMode":false,"pivot":{"x":-62.97323226928711,"y":-14.42496395111084,"z":-12.576247215270996},"rotation":{"x":-0.11050001531839371,"y":0.680636465549469,"z":-0.10492429882287979,"w":-0.7163594961166382},"size":19.435773849487306,"orthographic":false}