{"cameraMode":{"drawMode":0,"name":"Shaded","section":"Shading Mode"},"sceneLighting":false,"audioPlay":false,"sceneViewState":{"showFog":true,"showMaterialUpdate":true,"showSkybox":true,"showFlares":true,"showImageEffects":true,"showParticleSystems":true},"in2DMode":false,"pivot":{"x":-17.355573654174806,"y":13.093671798706055,"z":62.95964050292969},"rotation":{"x":0.06790419667959213,"y":0.5168594717979431,"z":-0.0411774106323719,"w":0.8523412942886353},"size":7.379779815673828,"orthographic":false}