{"cameraMode":{"drawMode":0,"name":"Shaded","section":"Shading Mode"},"sceneLighting":true,"audioPlay":false,"sceneViewState":{"showFog":true,"showMaterialUpdate":true,"showSkybox":true,"showFlares":true,"showImageEffects":true,"showParticleSystems":true},"in2DMode":false,"pivot":{"x":140.6619415283203,"y":0.8648614883422852,"z":-131.352294921875},"rotation":{"x":-0.21684354543685914,"y":-0.4434514045715332,"z":0.1114901527762413,"w":-0.8624964356422424},"size":588.8193359375,"orthographic":false}