{"cameraMode":{"drawMode":0,"name":"Shaded","section":"Shading Mode"},"sceneLighting":false,"audioPlay":false,"sceneViewState":{"showFog":true,"showMaterialUpdate":true,"showSkybox":true,"showFlares":true,"showImageEffects":true,"showParticleSystems":true},"in2DMode":false,"pivot":{"x":-221.6587371826172,"y":-3.8072638511657717,"z":21.895286560058595},"rotation":{"x":0.00974117498844862,"y":-0.37321925163269045,"z":0.0039182850159704689,"w":0.9276843070983887},"size":357.0244140625,"orthographic":true}