{"cameraMode":{"drawMode":0,"name":"Shaded","section":"Shading Mode"},"sceneLighting":true,"audioPlay":false,"sceneViewState":{"showFog":true,"showMaterialUpdate":true,"showSkybox":true,"showFlares":true,"showImageEffects":true,"showParticleSystems":true},"in2DMode":false,"pivot":{"x":200.0,"y":-7.372001647949219,"z":63.688175201416019},"rotation":{"x":-0.018109291791915895,"y":-0.7121525406837463,"z":0.01838538981974125,"w":-0.7015434503555298},"size":132.27328491210938,"orthographic":false}