{"cameraMode":{"drawMode":0,"name":"Shaded","section":"Shading Mode"},"sceneLighting":false,"audioPlay":false,"sceneViewState":{"showFog":true,"showMaterialUpdate":true,"showSkybox":true,"showFlares":true,"showImageEffects":true,"showParticleSystems":true},"in2DMode":false,"pivot":{"x":3.123070001602173,"y":0.6157966256141663,"z":-3.8316586017608644},"rotation":{"x":0.0072116246446967129,"y":0.9912681579589844,"z":-0.06135645881295204,"w":0.11649412661790848},"size":4.0578837394714359,"orthographic":false}