{"cameraMode":{"drawMode":0,"name":"Shaded","section":"Shading Mode"},"sceneLighting":false,"audioPlay":false,"sceneViewState":{"showFog":true,"showMaterialUpdate":true,"showSkybox":true,"showFlares":true,"showImageEffects":true,"showParticleSystems":true},"in2DMode":false,"pivot":{"x":106.27218627929688,"y":504.3946838378906,"z":-83.02947998046875},"rotation":{"x":0.4104072153568268,"y":0.01914847642183304,"z":-0.008619580417871476,"w":0.9116605520248413},"size":501.2188720703125,"orthographic":false}