{"cameraMode":{"drawMode":0,"name":"Shaded","section":"Shading Mode"},"sceneLighting":true,"audioPlay":false,"sceneViewState":{"showFog":true,"showMaterialUpdate":true,"showSkybox":true,"showFlares":true,"showImageEffects":true,"showParticleSystems":true},"in2DMode":false,"pivot":{"x":50.94200134277344,"y":-19.55349349975586,"z":59.63629913330078},"rotation":{"x":-0.023211613297462465,"y":0.7886934280395508,"z":-0.029834426939487459,"w":-0.6136255264282227},"size":19.467613220214845,"orthographic":false}