{"cameraMode":{"drawMode":0,"name":"Shaded","section":"Shading Mode"},"sceneLighting":false,"audioPlay":false,"sceneViewState":{"showFog":true,"showMaterialUpdate":true,"showSkybox":true,"showFlares":true,"showImageEffects":true,"showParticleSystems":true},"in2DMode":false,"pivot":{"x":-18.592744827270509,"y":-18.188514709472658,"z":428.6233215332031},"rotation":{"x":0.004845755640417337,"y":0.01113234180957079,"z":-0.00005122351285535842,"w":0.9999306797981262},"size":481.0535583496094,"orthographic":false}