{"cameraMode":{"drawMode":0,"name":"Shaded","section":"Shading Mode"},"sceneLighting":false,"audioPlay":false,"sceneViewState":{"showFog":true,"showMaterialUpdate":false,"showSkybox":true,"showFlares":true,"showImageEffects":true,"showParticleSystems":true},"in2DMode":false,"pivot":{"x":-23.29376220703125,"y":17.459510803222658,"z":-168.9222412109375},"rotation":{"x":-0.14525273442268372,"y":-0.024639954790472986,"z":0.003618002636358142,"w":-0.9890819191932678},"size":22.0,"orthographic":false}