{"cameraMode":{"drawMode":0,"name":"Shaded","section":"Shading Mode"},"sceneLighting":false,"audioPlay":false,"sceneViewState":{"showFog":true,"showMaterialUpdate":true,"showSkybox":true,"showFlares":true,"showImageEffects":true,"showParticleSystems":true},"in2DMode":false,"pivot":{"x":-374.349365234375,"y":-227.3747100830078,"z":-613.0042724609375},"rotation":{"x":-0.040918007493019107,"y":0.9516381025314331,"z":-0.14562395215034486,"w":-0.2674047350883484},"size":772.96484375,"orthographic":false}