{"cameraMode":{"drawMode":0,"name":"Shaded","section":"Shading Mode"},"sceneLighting":false,"audioPlay":false,"sceneViewState":{"showFog":true,"showMaterialUpdate":false,"showSkybox":true,"showFlares":true,"showImageEffects":true,"showParticleSystems":true},"in2DMode":false,"pivot":{"x":-22.462360382080079,"y":22.188373565673829,"z":-168.10592651367188},"rotation":{"x":-0.03627242147922516,"y":-0.04286520928144455,"z":0.001556745613925159,"w":-0.9984204769134522},"size":22.0,"orthographic":false}