{"cameraMode":{"drawMode":0,"name":"Shaded","section":"Shading Mode"},"sceneLighting":false,"audioPlay":false,"sceneViewState":{"showFog":true,"showMaterialUpdate":true,"showSkybox":true,"showFlares":true,"showImageEffects":true,"showParticleSystems":true},"in2DMode":false,"pivot":{"x":-34.60762405395508,"y":-0.20883846282958985,"z":-61.026466369628909},"rotation":{"x":0.15864458680152894,"y":0.004749818239361048,"z":-0.0007622595876455307,"w":0.987324059009552},"size":22.0,"orthographic":false}