{"cameraMode":{"drawMode":0,"name":"Shaded","section":"Shading Mode"},"sceneLighting":false,"audioPlay":false,"sceneViewState":{"showFog":true,"showMaterialUpdate":true,"showSkybox":true,"showFlares":true,"showImageEffects":true,"showParticleSystems":true},"in2DMode":false,"pivot":{"x":21.73096466064453,"y":-2.2769775390625,"z":386.6078796386719},"rotation":{"x":0.04796928912401199,"y":-0.015216833911836148,"z":0.0006541358307003975,"w":0.9985491037368774},"size":850.7948608398438,"orthographic":false}