{"cameraMode":{"drawMode":0,"name":"Shaded","section":"Shading Mode"},"sceneLighting":true,"audioPlay":false,"sceneViewState":{"showFog":true,"showMaterialUpdate":true,"showSkybox":true,"showFlares":true,"showImageEffects":true,"showParticleSystems":true},"in2DMode":false,"pivot":{"x":-88.9075927734375,"y":15.90085220336914,"z":-47.46183776855469},"rotation":{"x":-0.01200057566165924,"y":-0.7333816885948181,"z":-0.012947052717208863,"w":0.6795796751976013},"size":21.74699592590332,"orthographic":false}