{"cameraMode":{"drawMode":0,"name":"Shaded","section":"Shading Mode"},"sceneLighting":false,"audioPlay":false,"sceneViewState":{"showFog":true,"showMaterialUpdate":true,"showSkybox":true,"showFlares":true,"showImageEffects":true,"showParticleSystems":true},"in2DMode":false,"pivot":{"x":-20.34886932373047,"y":6.003311634063721,"z":-7.9231743812561039},"rotation":{"x":-0.01997571624815464,"y":-0.7114277482032776,"z":0.020321166142821313,"w":-0.7021153569221497},"size":7.577266693115234,"orthographic":false}