{"cameraMode":{"drawMode":0,"name":"Shaded","section":"Shading Mode"},"sceneLighting":true,"audioPlay":false,"sceneViewState":{"showFog":true,"showMaterialUpdate":true,"showSkybox":true,"showFlares":true,"showImageEffects":true,"showParticleSystems":true},"in2DMode":false,"pivot":{"x":89.03459930419922,"y":-20.714860916137697,"z":63.714385986328128},"rotation":{"x":-0.04704144224524498,"y":-0.7180688977241516,"z":0.048766475170850757,"w":-0.6926663517951965},"size":19.467613220214845,"orthographic":false}