{"cameraMode":{"drawMode":0,"name":"Shaded","section":"Shading Mode"},"sceneLighting":true,"audioPlay":false,"sceneViewState":{"showFog":true,"showMaterialUpdate":true,"showSkybox":true,"showFlares":true,"showImageEffects":true,"showParticleSystems":true},"in2DMode":false,"pivot":{"x":0.05204254388809204,"y":1.5487852096557618,"z":-11.462006568908692},"rotation":{"x":0.2860894501209259,"y":-0.6018780469894409,"z":0.2444617599248886,"w":0.7043679356575012},"size":22.0,"orthographic":false}