{"cameraMode":{"drawMode":0,"name":"Shaded","section":"Shading Mode"},"sceneLighting":false,"audioPlay":false,"sceneViewState":{"showFog":true,"showMaterialUpdate":false,"showSkybox":true,"showFlares":true,"showImageEffects":true,"showParticleSystems":true},"in2DMode":false,"pivot":{"x":3.4403858184814455,"y":-2.110753059387207,"z":-5.4397687911987309},"rotation":{"x":-0.027971632778644563,"y":-0.5426157116889954,"z":0.018082836642861368,"w":-0.8393204808235169},"size":22.0,"orthographic":false}