{"cameraMode":{"drawMode":0,"name":"Shaded","section":"Shading Mode"},"sceneLighting":true,"audioPlay":false,"sceneViewState":{"showFog":true,"showMaterialUpdate":true,"showSkybox":true,"showFlares":true,"showImageEffects":true,"showParticleSystems":true},"in2DMode":false,"pivot":{"x":92.5932846069336,"y":-5.625609874725342,"z":16.642648696899415},"rotation":{"x":0.008213718421757222,"y":0.7466060519218445,"z":-0.009216194041073323,"w":0.6651362776756287},"size":37.76658630371094,"orthographic":false}