{"cameraMode":{"drawMode":0,"name":"Shaded","section":"Shading Mode"},"sceneLighting":true,"audioPlay":false,"sceneViewState":{"showFog":true,"showMaterialUpdate":true,"showSkybox":true,"showFlares":true,"showImageEffects":true,"showParticleSystems":true},"in2DMode":false,"pivot":{"x":1194.2601318359375,"y":-654.6221313476563,"z":319.81024169921877},"rotation":{"x":-0.19207358360290528,"y":-0.5918638706207275,"z":0.14788120985031129,"w":-0.768723726272583},"size":1421.10302734375,"orthographic":false}