{"cameraMode":{"drawMode":0,"name":"Shaded","section":"Shading Mode"},"sceneLighting":true,"audioPlay":false,"sceneViewState":{"showFog":true,"showMaterialUpdate":true,"showSkybox":true,"showFlares":true,"showImageEffects":true,"showParticleSystems":true},"in2DMode":false,"pivot":{"x":155.57452392578126,"y":-0.13839571177959443,"z":-147.49566650390626},"rotation":{"x":-0.008307703770697117,"y":-0.9310309886932373,"z":0.02124023251235485,"w":-0.3642154932022095},"size":22.0,"orthographic":false}