{"cameraMode":{"drawMode":0,"name":"Shaded","section":"Shading Mode"},"sceneLighting":true,"audioPlay":false,"sceneViewState":{"showFog":true,"showMaterialUpdate":true,"showSkybox":true,"showFlares":true,"showImageEffects":true,"showParticleSystems":true},"in2DMode":false,"pivot":{"x":-1429.8460693359375,"y":-118.28120422363281,"z":-46.993370056152347},"rotation":{"x":-0.03171493113040924,"y":0.7137358784675598,"z":-0.03238821029663086,"w":-0.6989465355873108},"size":1421.10302734375,"orthographic":false}