{"cameraMode":{"drawMode":0,"name":"Shaded","section":"Shading Mode"},"sceneLighting":true,"audioPlay":false,"sceneViewState":{"showFog":true,"showMaterialUpdate":true,"showSkybox":true,"showFlares":true,"showImageEffects":true,"showParticleSystems":true},"in2DMode":false,"pivot":{"x":97.54000854492188,"y":-141.8480987548828,"z":329.1158447265625},"rotation":{"x":-0.14415210485458375,"y":-0.12374656647443772,"z":0.018172625452280046,"w":-0.9816179871559143},"size":588.8193359375,"orthographic":false}