{"cameraMode":{"drawMode":0,"name":"Shaded","section":"Shading Mode"},"sceneLighting":true,"audioPlay":false,"sceneViewState":{"showFog":true,"showMaterialUpdate":true,"showSkybox":true,"showFlares":true,"showImageEffects":true,"showParticleSystems":true},"in2DMode":false,"pivot":{"x":165.92156982421876,"y":-2.8218650817871095,"z":-143.58290100097657},"rotation":{"x":-0.01580176316201687,"y":-0.9361925721168518,"z":0.042447660118341449,"w":-0.3485367000102997},"size":282.2205810546875,"orthographic":false}