{"cameraMode":{"drawMode":0,"name":"Shaded","section":"Shading Mode"},"sceneLighting":true,"audioPlay":false,"sceneViewState":{"showFog":true,"showMaterialUpdate":true,"showSkybox":true,"showFlares":true,"showImageEffects":true,"showParticleSystems":true},"in2DMode":false,"pivot":{"x":95.05004119873047,"y":-26.18683624267578,"z":9.898937225341797},"rotation":{"x":0.10805323719978333,"y":0.6614971160888672,"z":-0.09714826196432114,"w":0.735736608505249},"size":116.67262268066406,"orthographic":false}