{"cameraMode":{"drawMode":0,"name":"Shaded","section":"Shading Mode"},"sceneLighting":false,"audioPlay":false,"sceneViewState":{"showFog":true,"showMaterialUpdate":true,"showSkybox":true,"showFlares":true,"showImageEffects":true,"showParticleSystems":true},"in2DMode":false,"pivot":{"x":-35.29580307006836,"y":7.531002044677734,"z":32.47216033935547},"rotation":{"x":-0.2638673484325409,"y":-0.2251616269350052,"z":0.06348998844623566,"w":-0.9357591867446899},"size":2.8578836917877199,"orthographic":false}