{"cameraMode":{"drawMode":0,"name":"Shaded","section":"Shading Mode"},"sceneLighting":false,"audioPlay":false,"sceneViewState":{"showFog":true,"showMaterialUpdate":true,"showSkybox":true,"showFlares":true,"showImageEffects":true,"showParticleSystems":true},"in2DMode":false,"pivot":{"x":12.861949920654297,"y":2.4013562202453615,"z":38.38349533081055},"rotation":{"x":-0.09735890477895737,"y":-0.6273045539855957,"z":0.0794254019856453,"w":-0.7683502435684204},"size":19.435773849487306,"orthographic":false}