{"cameraMode":{"drawMode":0,"name":"Shaded","section":"Shading Mode"},"sceneLighting":false,"audioPlay":false,"sceneViewState":{"showFog":true,"showMaterialUpdate":true,"showSkybox":true,"showFlares":true,"showImageEffects":true,"showParticleSystems":true},"in2DMode":false,"pivot":{"x":1.5138388872146607,"y":0.6956135630607605,"z":22.614831924438478},"rotation":{"x":0.16210462152957917,"y":0.029597856104373933,"z":-0.0048652091063559059,"w":0.9863144159317017},"size":16.43102264404297,"orthographic":false}