{"cameraMode":{"drawMode":0,"name":"Shaded","section":"Shading Mode"},"sceneLighting":false,"audioPlay":false,"sceneViewState":{"showFog":true,"showMaterialUpdate":true,"showSkybox":true,"showFlares":true,"showImageEffects":true,"showParticleSystems":true},"in2DMode":false,"pivot":{"x":-3.790773630142212,"y":8.733437538146973,"z":-29.496334075927736},"rotation":{"x":0.19175203144550324,"y":0.7485860586166382,"z":-0.24509282410144807,"w":0.5851788520812988},"size":2.8578836917877199,"orthographic":false}