{"cameraMode":{"drawMode":0,"name":"Shaded","section":"Shading Mode"},"sceneLighting":false,"audioPlay":false,"sceneViewState":{"showFog":true,"showMaterialUpdate":true,"showSkybox":true,"showFlares":true,"showImageEffects":true,"showParticleSystems":true},"in2DMode":false,"pivot":{"x":-200.35414123535157,"y":2.8587026596069338,"z":3.4194540977478029},"rotation":{"x":0.024262238293886186,"y":-0.7171761989593506,"z":0.025001930072903634,"w":0.6960206031799316},"size":191.1527099609375,"orthographic":false}