{"cameraMode":{"drawMode":0,"name":"Shaded","section":"Shading Mode"},"sceneLighting":true,"audioPlay":false,"sceneViewState":{"showFog":true,"showMaterialUpdate":true,"showSkybox":true,"showFlares":true,"showImageEffects":true,"showParticleSystems":true},"in2DMode":false,"pivot":{"x":3.4698500633239748,"y":-3.2264320850372316,"z":101.35626220703125},"rotation":{"x":0.03930225595831871,"y":0.01979674957692623,"z":-0.0007774985278956592,"w":0.9990309476852417},"size":116.67262268066406,"orthographic":false}