{"cameraMode":{"drawMode":0,"name":"Shaded","section":"Shading Mode"},"sceneLighting":true,"audioPlay":false,"sceneViewState":{"showFog":true,"showMaterialUpdate":true,"showSkybox":true,"showFlares":true,"showImageEffects":true,"showParticleSystems":true},"in2DMode":false,"pivot":{"x":-3.0695221424102785,"y":-0.8799914121627808,"z":58.045570373535159},"rotation":{"x":-0.10212823003530503,"y":0.1063222661614418,"z":-0.010980221442878247,"w":-0.9890162348747253},"size":37.29882049560547,"orthographic":false}